Nombre,Edad,País,Número de Documento,Número de Tarjeta de Crédito,Expiración Tarjeta de Crédito,CVC
Alba Alonso Anguita,16,Nicaragua,5867595,5281787870490969,10/27,642
Juan Antonio Coello Manjón,13,Bosnia y Herzegovina,31957149,3538499054689368,01/22,074
Alejandro Valle Rodrigo,15,Kirguistán,81865499,213108834904587,08/25,265
Mar Sancho Jordán,31,Etiopía,33890071,3567923538798119,12/25,254
Manuela Jiménez Pinto,38,Granada,83446398,2228579820907579,09/26,622
Lorenzo Escobar Bayón,62,Turkmenistán,17070529,6011762950148816,03/23,894
Alex Nicolau Sanabria,95,Argentina,35551930,213147863272086,05/26,223
Carmen Cervera Lara,70,Jamaica,70315754,3532514605180919,05/24,307
Julian de Fuentes,19,Pakistán,52679201,4095908771484427708,08/21,200
Begoña Blanca Pou Pozo,3,Singapur,42140088,3518704859302131,03/28,483
Carolina Pedraza Valentín,59,Jamaica,15585821,340291015872785,04/22,969
Enrique de Palomino,80,Chile,62748423,3568842073583059,04/27,590
Eugenia Cordero-Mariño,98,Guatemala,81144413,4050906400037106,07/29,706
Jose Ignacio Maldonado Infante,97,Camerún,29918663,4610119465565366,10/28,635
Jose Ignacio Gual Herrera,80,República Popular Democrática de Corea,47878744,3519780931523927,01/27,855
Marta Godoy Viñas,102,Bélgica,7239825,502057218476,11/22,747
Victor Pareja,91,Belarús,23349108,30519444946704,04/23,608
Albert Jara Valbuena,91,Omán,18240626,30412551569255,07/20,460
Alex Antonio Figuerola Arenas,66,Granada,32789118,30471407064952,03/21,658
Enrique Costa Guzman,80,Suriname,6597505,4482347983187885,02/29,314
Iker Piña Arnau,35,Estados Unidos de América,83993677,377861722216793,02/23,791
Joan Contreras Alfaro,38,Brasil,12246045,3523743122495465,08/23,086
Luz Patricia Vázquez Galindo,59,Islandia,28539269,4510684682162280,12/25,223
Fátima Verdugo Aguirre,15,Brunei Darussalam,40590724,3530970776909530,06/21,355
Mónica Niño Burgos,30,Nauru,64599623,4411251684940442,06/25,075
Lidia Jurado Andreu,68,Alemania,87439057,4009942549036461,04/22,826
Marc Olmo Berrocal,58,Chipre,69472026,38421891264974,09/24,704
Manuel Carpio Cerro,87,Eslovenia,51748712,30399640824645,05/27,147
Milagros Pereira Catalá,77,Perú,57300089,36219357371065,01/23,961
Amparo Corral Méndez,78,México,49794871,4172234246919,12/25,120
